area_640_px2,aspect_ratio
584.375,1.29411764706
750,1.875
875,1.4
850,1.88235294118
893.75,1.18181818182
1148.4375,1.66666666667
1237.5,1.63636363636
525,1.3125
646.875,1.27777777778
825,2.0625
187.5,1.2
1425,1.58333333333
475,1.1875
664.0625,1.47058823529
564.0625,1
421.875,1.2
173.838617836,1.01208981002
800.381969619,2.32185309357
304.6875,1.15384615385
262.5,1.16666666667
284.375,1.07692307692
300,1.33333333333
203.125,1.3
240.625,1.27272727273
356.25,1.58333333333
284.375,1.07692307692
206.25,1.09090909091
325,1.23076923077
1078.125,1.30434782609
227.076694548,1.43007903718
1006.25,1.21739130435
478.125,1.05882352941
1437.5,1.73913043478
871.875,1.72222222222
324.498753294,1.06269430052
1937.5,1.29032258065
712.5,1.26315789474
375,1.66666666667
1031.25,1.36363636364
584.375,1.29411764706
281.25,1.8
318.75,1.41666666667
945.247484482,1.56536557283
534.375,1.05555555556
825,2.0625
687.5,1.1
446.875,1.69230769231
326.5625,1.72727272727
825,1.09090909091
1031.25,1.36363636364
1000,1.6
467.1875,1.76923076923
721.875,1.04761904762
522.602344869,1.15222532217
1237.5,1.375
273.071495517,1.35464328418
544.694335886,1.20933767065
263.655237051,1.12775721688
350,1.14285714286
234.375,1.5
264.0625,1
1474.36877752,1.42035654694
1137.5,1.07692307692
1178.125,1.11538461538
304.6875,1.15384615385
196.875,1.55555555556
318.75,1.41666666667
451.5625,1
415.625,1.35714285714
875,1.4
875,1.4
343.75,1.81818181818
790.625,1.04545454545
712.5,1.26315789474
468.75,1.33333333333
750,1.2
304.6875,1.15384615385
351.5625,1
356.25,1.58333333333
446.875,1.69230769231
825,1.09090909091
492.1875,1.4
525,1.3125
468.75,1.33333333333
233.23347893,1.0023742395
253.514651011,1.0843819393
1100,1.45454545455
664.0625,1.47058823529
1134.375,1.5
590.625,1.92857142857
425,1.0625
393.75,1.28571428571
1546.875,1.1
609.375,1.73333333333
584.375,1.29411764706
1443.75,1.90909090909
562.5,1.11111111111
765.625,2.5
273.4375,3.57142857143
750,1.2
351.5625,1
445.3125,1.26666666667
203.125,1.3
284.375,1.07692307692
264.0625,1
885.9375,1.28571428571
771.875,1.36842105263
590.625,1.16666666667
585.9375,1.66666666667
781.25,1.25
675,1.33333333333
437.5,1.42857142857
593.75,1.05263157895
450,2
1031.25,1.65
1223.4375,1.07407407407
1375,1.81818181818
898.4375,1.08695652174
240.625,1.27272727273
717.1875,1.58823529412
483.126492069,1.30604919383
625,1
564.0625,1
431.25,1.91666666667
503.125,1.64285714286
771.875,1.36842105263
467.1875,1.76923076923
481.25,1.57142857143
406.25,1.53846153846
875,1.4
475,1.1875
718.75,1.15
478.125,1.05882352941
742.1875,1.31578947368
500,1.25
173.838617836,1.01208981002
151.384463032,1.40627215708
1031.25,1.36363636364
1171.875,1.2
500,1.25
350,1.14285714286
300,1.33333333333
531.25,1.17647058824
425,1.0625
1139.0625,1
481.25,1.57142857143
928.125,1.22727272727
334.639339334,1.43138415988
531.25,1.17647058824
754.6875,1.09523809524
820.3125,1.19047619048
787.5,1.14285714286
1259.375,1.19230769231
687.5,1.1
1096.875,1.03846153846
721.875,1.04761904762
492.1875,1.4
468.75,1.33333333333
262.5,1.16666666667
218.75,1.4
449.083096076,1.06242430915
843.75,1.35
862.5,1.04347826087
564.0625,1
504.6875,1.11764705882
623.4375,1.10526315789
718.75,1.15
679.6875,1.93333333333
1031.25,1.65
742.1875,1.31578947368
1445.3125,1.48
656.25,1.86666666667
687.5,1.1
590.625,1.16666666667
98.6627737226,2.00933333333
76.2394160584,1.55266666667
1275,1.41666666667
345.3125,1.30769230769
712.5,1.26315789474
385.9375,1.46153846154
284.375,1.07692307692
262.5,1.16666666667
345.3125,1.30769230769
206.25,1.09090909091
345.3125,1.30769230769
123.860015208,1.15058631034
108.649136147,1.09783845279
262.5,1.16666666667
859.375,1.13636363636
609.375,1.73333333333
243.75,1.08333333333
375,1.66666666667
492.1875,1.4
859.375,1.13636363636
550,1.375
218.75,1.4
168.75,1.33333333333
175,1.75
445.3125,1.26666666667
426.5625,1.61538461538
656.25,1.86666666667
823.4375,1.82352941176
426.5625,1.61538461538
875,1.4
1093.75,1.12
475,1.1875
534.375,1.05555555556
625,1
144.503351076,1.09884036516
400,1
400,1
393.75,1.28571428571
450,1.125
690.625,1.52941176471
421.875,1.2
504.6875,1.11764705882
375,1.06666666667
562.5,1.11111111111
425,1.0625
585.9375,1.66666666667
325,1.23076923077
351.5625,1
557.8125,1.23529411765
156.454756052,1.09783845279
144.503351076,1.09884036516
151.384463032,1.04889307584
584.375,1.29411764706
584.375,1.29411764706
646.875,1.27777777778
421.875,1.2
350,1.14285714286
262.5,1.16666666667
437.5,1.42857142857
1054.6875,1.08
421.875,1.2
437.5,1.42857142857
393.75,1.28571428571
450,1.125
475,1.1875
385.9375,1.46153846154
421.875,1.2
425,1.0625
281.25,1.8
426.5625,1.61538461538
281.25,2.22222222222
406.25,1.53846153846
450,1.125
406.25,1.53846153846
759.375,1.5
534.375,1.05555555556
900,1.77777777778
850,1.88235294118
365.625,1.38461538462
1343.75,2.15
928.125,1.22727272727
468.75,1.33333333333
371.875,1.21428571429
371.875,1.21428571429
500,1.25
393.75,1.28571428571
437.5,1.42857142857
451.5625,1
415.625,1.35714285714
875,1.4
875,1.4
1181.25,1.71428571429
1148.4375,1.66666666667
300,1.33333333333
351.5625,1
500,1.25
173.838617836,1.01208981002
151.384463032,1.40627215708
637.5,1.41176470588
675,1.33333333333
467.1875,1.76923076923
445.3125,1.26666666667
546.875,1.78571428571
700,1.75
675,1.33333333333
525,1.3125
979.6875,1.73684210526
1000,1.6
820.3125,1.19047619048
437.5,1.42857142857
176.011600559,1.82176165803
445.3125,1.26666666667
515.625,1.46666666667
584.375,1.29411764706
815.625,1.61111111111
1257.8125,1.52173913043
787.5,2.57142857143
557.8125,1.23529411765
562.5,1.11111111111
700,1.75
937.5,1.04166666667
1012.5,2
326.5625,1.72727272727
325,1.23076923077
78.2273780261,1.23506825939
126.757325505,1.47031935641
562.5,1.6
718.75,1.15
679.6875,1.93333333333
562.5,1.11111111111
437.5,1.42857142857
637.5,1.41176470588
1343.75,2.15
562.5,1.11111111111
492.1875,1.4
890.625,2.53333333333
787.5,1.55555555556
1345.3125,1.95238095238
1312.5,2.1
950,1.68421052632
425,1.0625
664.0625,1.47058823529
918.75,1.33333333333
425,1.0625
812.5,1.3
646.875,1.27777777778
682.8125,1.21052631579
534.375,1.05555555556
475,1.1875
712.5,1.26315789474
575,1.4375
610.9375,1.35294117647
687.5,1.1
451.5625,1
632.8125,1.8
593.75,1.05263157895
506.25,1
790.625,1.04545454545
687.5,1.1
468.75,2.08333333333
918.75,1.33333333333
934.375,1.13043478261
593.75,1.05263157895
970.3125,1.17391304348
610.9375,1.35294117647
637.5,1.41176470588
689.0625,1
191.584643407,1.21450777202
682.8125,1.21052631579
820.3125,1.19047619048
562.5,1.6
976.5625,1
687.5,1.1
801.5625,1.42105263158
653.125,1.15789473684
812.5,1.3
503.125,1.64285714286
712.5,1.26315789474
1093.75,1.12
1328.125,1.36
1114.0625,1.34782608696
445.3125,1.26666666667
928.125,1.83333333333
712.5,1.26315789474
1340.625,1.26923076923
1017.1875,1.47619047619
962.5,1.27272727273
712.5,1.26315789474
996.875,1.31818181818
900,2.25
1078.125,1.30434782609
425,1.0625
623.4375,1.10526315789
623.4375,1.10526315789
325,1.23076923077
459.375,1.5
600,1.5
625,1.5625
689.0625,1
687.5,1.1
675,1.33333333333
446.875,1.69230769231
328.125,1.07142857143
468.75,1.33333333333
918.75,1.33333333333
862.5,1.04347826087
885.9375,1.28571428571
610.9375,1.35294117647
1050,1.16666666667
820.3125,1.19047619048
415.625,1.35714285714
790.625,1.04545454545
284.375,1.07692307692
623.4375,1.10526315789
492.1875,1.4
771.875,1.36842105263
158.265574988,1.00328902906
110.097791296,1.44222797927
55.7732232223,1.04793670493
55.7732232223,1.04793670493
63.7408265398,1.1976419485
73.8814125802,1.72055267703
39.8380165874,1.33595854922
81.1246883234,1.38800888231
717.1875,1.58823529412
801.830624768,1.08445017897
750,1.2
525,1.3125
475,1.1875
664.0625,1.47058823529
564.0625,1
781.25,1.25
859.375,1.13636363636
129.292472015,1.01711503714
86.1949813436,1.47475943745
787.5,1.14285714286
962.5,1.27272727273
300,1.33333333333
970.3125,1.17391304348
825,1.09090909091
378.125,2
687.5,1.1
136.897911546,1.41692573402
1050,1.16666666667
790.625,1.04545454545
625,1
825,1.09090909091
116.978903252,1.35739103932
750,1.2
525,1.71428571429
137.62223912,1.15378238342
371.875,1.21428571429
664.0625,1.47058823529
123.860015208,1.15058631034
1137.5,1.07692307692
2306.25,1.13888888889
875,1.4
503.125,1.64285714286
425,1.0625
918.75,1.33333333333
996.875,1.31818181818
860.9375,1.52631578947
531.25,1.17647058824
371.875,1.21428571429
1450,1.10344827586
504.6875,1.11764705882
475,1.1875
712.5,1.26315789474
534.375,1.05555555556
406.25,1.53846153846
393.75,1.28571428571
1404.6875,1.06896551724
1132.8125,1.16
787.5,1.14285714286
815.625,1.61111111111
1096.875,1.03846153846
1560.9375,1.37037037037
1476.5625,1.2962962963
1792.1875,1.1935483871
475,1.1875
653.125,1.15789473684
500,1.25
975,1.08333333333
721.875,1.04761904762
750,1.2
584.375,1.29411764706
790.625,1.04545454545
623.4375,1.10526315789
564.0625,1
593.75,1.05263157895
937.5,1.04166666667
1268.75,1.03571428571
1214.0625,1.7619047619
721.875,1.04761904762
934.375,1.13043478261
625,1
825,1.09090909091
584.375,1.29411764706
562.5,1.6
468.75,1.33333333333
525,1.71428571429
437.5,1.42857142857
503.125,1.64285714286
790.625,1.04545454545
468.75,1.33333333333
1200,1.33333333333
585.9375,1.66666666667
1210.9375,1.24
771.875,1.36842105263
712.5,1.26315789474
1640.625,1.16666666667
1210.9375,1.24
1314.0625,1
1006.25,1.21739130435
159.35206635,1.10409797456
1200,1.33333333333
1223.4375,1.07407407407
712.5,1.26315789474
1082.8125,1.57142857143
1584.375,1.5
1462.5,1.38461538462
815.625,1.61111111111
682.8125,1.21052631579
796.875,1.76470588235
1706.25,1.61538461538
1340.625,1.26923076923
1350,1.18518518519
623.4375,1.10526315789
1100,1.45454545455
918.75,1.33333333333
918.75,1.33333333333
1012.5,1.125
1265.625,1.11111111111
853.125,1.2380952381
343.75,1.81818181818
504.6875,1.11764705882
1078.125,1.30434782609
459.375,1.5
562.5,1.11111111111
742.1875,1.31578947368
171.875,1.1
206.25,1.09090909091
898.4375,1.08695652174
240.625,1.27272727273
1012.5,1.125
754.6875,1.09523809524
1367.1875,1.4
754.6875,1.09523809524
590.625,1.16666666667
437.5,1.42857142857
487.5,1.84615384615
742.1875,1.31578947368
731.25,1.44444444444
718.75,1.15
937.5,1.04166666667
503.125,1.64285714286
610.9375,1.35294117647
962.5,1.27272727273
820.3125,1.19047619048
718.75,1.15
1017.1875,1.47619047619
1404.6875,1.06896551724
1550,1.03225806452
1015.625,1.04
1275,1.41666666667
1268.75,1.03571428571
1540.625,1.1724137931
1150,1.39130434783
718.75,1.15
1162.5,1.29166666667
1078.125,1.30434782609
687.5,1.1
1006.25,1.21739130435
771.875,1.36842105263
468.75,3
337.5,1.5
843.75,1.35
687.5,1.1
898.4375,1.08695652174
885.9375,1.28571428571
593.75,1.05263157895
787.5,1.14285714286
235.406461653,1.2630880829
906.25,1.45
703.125,1.38888888889
653.125,1.15789473684
585.9375,1.66666666667
1012.5,1.125
1054.6875,1.08
918.75,1.33333333333
2000,1.25
825,1.09090909091
345.3125,1.30769230769
646.875,1.27777777778
2023.4375,1.05714285714
487.5,1.84615384615
365.625,1.38461538462
487.5,1.84615384615
584.375,1.29411764706
437.5,1.42857142857
656.25,1.05
197.741427788,1.01942142045
700,1.75
956.25,1.88888888889
176.011600559,1.23506825939
575,1.4375
557.8125,1.23529411765
623.4375,1.10526315789
756.25,1
265.625,1.7
970.3125,1.17391304348
1450,1.10344827586
937.5,1.04166666667
1062.5,1.7
928.125,1.22727272727
754.6875,1.09523809524
450,1.125
934.375,1.13043478261
1050,1.16666666667
718.75,1.15
300,1.33333333333
690.625,2.61538461538
675,1.6875
1312.5,1.07142857143
250.979504501,1.29388103364
1148.4375,1.66666666667
584.375,1.29411764706
1031.25,1.36363636364
1162.5,1.29166666667
721.875,1.04761904762
951.5625,1.38095238095
426.5625,1.61538461538
893.75,1.18181818182
2320.3125,1.36363636364
1314.0625,1
218.75,1.4
468.75,1.33333333333
875,1.4
1100,1.45454545455
770.3125,1.70588235294
1162.5,1.29166666667
790.625,1.04545454545
356.25,1.58333333333
1012.5,1.125
831.25,1.47368421053
590.625,1.16666666667
1473.4375,1.78260869565
623.4375,1.10526315789
826.5625,1
515.625,1.46666666667
653.125,1.15789473684
812.5,1.3
1006.25,1.21739130435
885.9375,1.28571428571
937.5,1.5
750,1.2
1200,1.33333333333
1982.8125,1.74074074074
1225,1
1100,1.45454545455
218.75,1.4
309.375,2.44444444444
487.5,1.84615384615
375,2.4
196.875,1.55555555556
350,1.14285714286
295.3125,2.33333333333
360.9375,1.90909090909
446.875,1.69230769231
225,1.77777777778
212.5,2.125
562.5,1.6
1054.6875,1.08
843.75,1.35
937.5,1.04166666667
562.5,1.6
975,1.08333333333
1031.25,1.36363636364
984.375,1.42857142857
1114.0625,1.34782608696
1114.0625,1.34782608696
1312.5,1.07142857143
646.875,1.27777777778
815.625,1.61111111111
246.995702842,1.1602156376
825,1.09090909091
378.125,2
312.5,2
415.625,1.35714285714
375,1.66666666667
312.5,2
459.375,1.5
790.625,1.04545454545
446.875,1.69230769231
687.5,1.1
446.875,1.69230769231
750,1.2
278.141788537,1.09783845279
787.5,1.14285714286
1289.0625,1.32
790.625,1.04545454545
1042.1875,1.26086956522
629.6875,2.38461538462
812.5,1.3
284.375,1.07692307692
546.875,1.78571428571
468.75,1.33333333333
318.75,1.41666666667
801.5625,1.42105263158
885.9375,1.28571428571
1392.1875,1.22222222222
970.3125,1.17391304348
590.625,1.16666666667
937.5,1.04166666667
1150,1.39130434783
1054.6875,1.08
703.125,1.38888888889
415.625,1.35714285714
885.9375,1.28571428571
225,1.77777777778
500,1.25
291.541848662,1.25296779938
160.076393924,1.85748247486
425,1.0625
623.4375,1.10526315789
584.375,1.29411764706
637.5,1.41176470588
825,1.09090909091
853.125,1.2380952381
731.25,1.44444444444
754.6875,1.09523809524
823.4375,1.82352941176
664.0625,1.47058823529
504.6875,1.11764705882
468.75,1.33333333333
568.75,1.85714285714
679.6875,1.93333333333
750,1.2
590.625,1.16666666667
690.625,1.52941176471
354.920511415,1.02922354949
421.875,1.2
646.875,1.27777777778
742.1875,1.31578947368
677.97060956,1.75428900403
262.5,1.16666666667
610.9375,1.35294117647
534.375,1.05555555556
503.125,1.64285714286
1006.25,1.21739130435
492.1875,1.4
690.625,1.52941176471
703.125,1.38888888889
893.75,1.18181818182
539.0625,1.53333333333
970.3125,1.17391304348
815.625,1.61111111111
815.625,1.61111111111
481.25,1.57142857143
675,1.33333333333
478.125,1.05882352941
625,1.5625
412.5,1.83333333333
637.5,1.41176470588
826.5625,1
1086.49136147,1.01208981002
1413.88742506,1.27423766245
1181.25,1.03703703704
742.1875,1.31578947368
928.125,1.22727272727
469.364268157,1.21450777202
549.402465119,1.34580590954
750,1.2
449.083096076,1.06242430915
937.5,1.04166666667
731.25,1.44444444444
742.1875,1.31578947368
207.157686254,1.02766042248
742.1875,1.31578947368
1042.1875,1.26086956522
1050,1.52380952381
871.875,1.72222222222
1200,1.33333333333
675,1.33333333333
1087.5,1.20833333333
735.192487931,1.36445636275
1575,1.28571428571
721.875,1.04761904762
1078.125,1.30434782609
625,1
885.9375,1.28571428571
1221.875,1.47826086957
1367.1875,1.4
718.75,1.15
1367.1875,1.4
1259.375,1.19230769231
593.75,1.05263157895
1856.25,1.62962962963
742.1875,1.31578947368
721.875,1.04761904762
843.75,1.35
1056.25,1
292.1875,1.54545454545
625,1
257.8125,1.36363636364
675,1.6875
525,1.3125
1031.25,1.36363636364
1306.25,1.72727272727
1082.8125,1.57142857143
831.25,1.47368421053
1114.0625,1.34782608696
1903.125,1.44827586207
2550,1.59375
1575,1.75
1148.4375,1.66666666667
618.75,1.22222222222
703.125,1.38888888889
2423.4375,1.42424242424
2812.5,1.38888888889
790.625,1.04545454545
1840.625,1.22580645161
1162.5,1.29166666667
1585.9375,1.20689655172
934.375,1.13043478261
1531.25,1.25
1721.875,1.31034482759
918.75,1.33333333333
898.4375,1.08695652174
1646.875,1.09677419355
1462.5,1.625
812.5,1.3
1132.8125,1.16
1800,1.125
843.75,1.35
575,1.4375
590.625,1.92857142857
703.125,1.38888888889
1968.75,1.02857142857
1139.0625,1
1171.875,1.2
459.375,1.5
637.5,1.41176470588
478.125,1.05882352941
1721.875,1.31034482759
787.5,1.55555555556
675,1.33333333333
437.5,1.42857142857
318.75,1.41666666667
584.375,1.29411764706
1162.5,1.29166666667
398.4375,1.13333333333
609.375,2.30769230769
625,1.5625
268.001202497,1.52325085324
906.25,1.45
721.875,1.04761904762
1259.375,1.19230769231
1687.5,1.2
1093.75,1.12
1017.1875,1.47619047619
1875,1.33333333333
1265.625,1.11111111111
1259.375,1.19230769231
1171.875,1.2
1114.0625,1.34782608696
1114.0625,1.34782608696
220.557746379,1.13704696896
1150,1.39130434783
962.5,1.27272727273
623.4375,1.10526315789
504.6875,1.11764705882
750,1.2
406.25,1.53846153846
637.5,1.41176470588
898.4375,1.08695652174
550,1.375
812.5,1.3
1223.4375,1.07407407407
790.625,1.04545454545
700,1.75
564.0625,1
831.25,1.47368421053
812.5,1.3
350,1.14285714286
700,1.75
562.5,1.11111111111
450,1.125
975,1.08333333333
584.375,1.29411764706
562.5,1.11111111111
590.625,1.92857142857
525,1.3125
531.25,1.17647058824
687.5,1.1
492.1875,1.4
682.8125,1.21052631579
564.0625,1
525,1.3125
898.4375,1.08695652174
250,1.6
781.25,1.25
212.952306849,1.09783845279
216.573944721,1.07437225986
862.5,1.04347826087
918.75,1.33333333333
515.625,1.46666666667
375,1.06666666667
468.75,1.33333333333
515.625,1.46666666667
534.375,1.05555555556
345.3125,1.30769230769
415.40186387,1.01756056575
207.157686254,1.02766042248
173.838617836,1.01208981002
294.801322747,1.38477350295
159.35206635,1.10409797456
188.325169322,1.57886010363
1093.75,1.12
1307.8125,1.14814814815
700,1.75
993.777431962,1.06269430052
271.622840369,1.45740932642
318.75,1.41666666667
350,1.14285714286
721.875,1.04761904762
178.908910856,1.12672893839
437.5,1.42857142857
326.5625,1.72727272727
293.352667598,1.09305699482
1015.625,1.04
318.75,1.41666666667
406.25,1.53846153846
956.25,1.88888888889
539.0625,1.53333333333
1150,1.39130434783
1132.8125,1.16
1181.25,1.03703703704
900,1
718.75,1.15
718.75,1.15
1137.5,1.07692307692
1185.9375,1.4347826087
718.75,1.15
731.25,1.44444444444
675,1.33333333333
137.62223912,1.27842923371
244.460556332,1.31166839378
418.661337955,1.21450777202
742.1875,1.31578947368
1162.5,1.29166666667
860.9375,1.52631578947
653.125,1.15789473684
968.75,1.55
893.75,1.18181818182
843.75,1.66666666667
562.5,1.11111111111
600,1.5
1006.25,1.21739130435
718.75,1.15
1200,1.33333333333
1289.0625,1.32
1462.5,1.38461538462
1476.5625,1.2962962963
825,1.09090909091
962.5,1.27272727273
1125,1.25
1098.4375,1.94736842105
1050,1.52380952381
801.5625,1.42105263158
1381.25,1.30769230769
843.75,1.35
1487.5,1.21428571429
934.375,1.13043478261
970.3125,1.17391304348
1114.0625,1.34782608696
1114.0625,1.34782608696
1246.875,1.80952380952
1625,1.53846153846
1035.78843127,1.21635510394
1237.5,1.375
534.375,1.05555555556
656.25,1.05
825,2.0625
787.5,1.14285714286
928.125,1.22727272727
637.5,1.41176470588
450,1.125
203.125,1.3
871.875,1.72222222222
721.875,1.04761904762
1087.5,1.20833333333
463.569647562,1.02922354949
928.125,1.22727272727
962.5,1.27272727273
937.5,1.04166666667
885.9375,1.28571428571
1401.5625,1.69565217391
1387.5,1.54166666667
610.9375,1.35294117647
843.75,1.35
690.625,1.52941176471
1250,1.28
1425,1.58333333333
717.1875,1.58823529412
859.375,1.13636363636
437.856018674,1.52792913254
598.656740172,1.6183653054
1412.43876992,1.28447098976
906.25,1.45
370.85571805,1.21450777202
898.4375,1.08695652174
1006.25,1.21739130435
1414.61175264,1.19522987088
853.125,1.2380952381
415.625,1.35714285714
253.514651011,1.36024870466
206.25,1.09090909091
937.5,1.04166666667
459.375,1.5
936.193389804,1.03785209609
618.75,1.22222222222
534.553749845,1.06639706812
718.75,1.15
1734.375,1.23333333333
625,1.5625
750,1.2
825,2.0625
603.364869405,1.75032002438
292.1875,1.54545454545
653.125,1.15789473684
1162.5,1.29166666667
968.75,1.55
1350,1.18518518519
928.125,1.22727272727
781.25,1.25
679.6875,1.93333333333
467.1875,1.76923076923
610.9375,1.35294117647
475,1.1875
206.25,1.09090909091
243.75,1.08333333333
798.208986896,1.85372238887
801.5625,1.42105263158
664.0625,1.47058823529
345.3125,1.30769230769
700,1.75
1100,1.45454545455
1328.125,1.36
600,1.5
187.5,1.2
492.1875,1.4
154.6875,1.22222222222
450,1.125
650,2.46153846154
351.5625,1
525,1.71428571429
400.915312384,1.25031601567
284.375,1.07692307692
443.288475481,1.14703511802
398.4375,1.13333333333
1948.4375,1.48275862069
1421.875,1.34615384615
656.25,1.86666666667
951.404268864,1.57999723273
443.650639269,1.6138225256
445.3125,1.26666666667
690.625,1.52941176471
375,1.06666666667
352.023201118,1.09783845279
1054.6875,1.08
1706.25,1.39285714286
531.25,1.17647058824
625,1
1300,1.23076923077
1443.75,1.17857142857
893.75,1.18181818182
675,1.33333333333
759.375,1.5
750,1.2
853.125,1.2380952381
500,1.25
970.3125,1.17391304348
646.875,1.27777777778
928.125,1.22727272727
591.051300642,1.3122600256
295.887814108,1.86343632118
228.16318591,2.30546075085
801.5625,1.42105263158
704.046402235,1.23506825939
468.75,1.33333333333
1237.5,1.63636363636
1132.8125,1.16
289.731029726,1.05392491468
215.487453359,1.69519172857
812.5,1.3
812.5,1.3
337.5,1.5
906.25,1.45
187.5,1.2
437.5,1.42857142857
304.6875,1.15384615385
425,1.0625
525,1.3125
743.75,1.64705882353
796.875,1.76470588235
550,1.375
525,1.71428571429
712.5,1.26315789474
1093.75,1.12
1093.75,1.12
506.25,1
765.625,2.5
503.125,1.64285714286
801.5625,1.42105263158
650,1.625
812.5,1.3
341.52045129,2.16499211534
404.174786468,1.04582613702
1306.25,1.72727272727
1359.375,1.03448275862
646.875,1.27777777778
623.4375,1.10526315789
718.75,1.15
790.625,1.04545454545
421.875,1.2
1406.25,1
1598.4375,1.06451612903
820.3125,1.19047619048
1300,1.23076923077
975,1.08333333333
1509.375,1.82608695652
481.25,1.57142857143
445.3125,1.26666666667
562.5,1.11111111111
593.75,1.05263157895
281.25,1.8
650,1.625
2023.4375,1.05714285714
446.875,1.69230769231
1185.9375,1.4347826087
975,1.08333333333
1375,1.81818181818
1087.5,1.20833333333
500,1.25
475,1.1875
575,1.4375
790.625,1.04545454545
656.25,1.05
1450,1.10344827586
468.75,2.08333333333
2196.875,1.02702702703
1340.625,1.26923076923
1406.25,1.44
415.40186387,1.01756056575
748.592548056,1.65048492095
421.875,1.2
421.875,1.2
787.5,1.14285714286
398.4375,1.13333333333
393.75,1.75
445.3125,1.26666666667
962.5,1.27272727273
754.6875,1.09523809524
151.384463032,1.40627215708
227.801022122,1.79205982734
1476.5625,1.2962962963
825,1.09090909091
975,1.08333333333
1225,1
918.75,1.33333333333
1132.8125,1.16
850,2.125
267.1875,2.11111111111
483.126492069,1.92646060389
454.153389096,1.05470411781
637.5,1.41176470588
1125,1.8
800,2
412.86671736,1.04294653015
859.375,1.13636363636
771.875,1.36842105263
632.8125,1.8
691.008505898,1.78802533103
637.5,1.41176470588
853.125,1.2380952381
562.5,1.6
416.488355232,1.78995399911
1000,1.6
754.6875,1.09523809524
820.3125,1.19047619048
1265.625,1.11111111111
1481.97421705,1.29286311215
398.4375,1.13333333333
398.380165874,2.13753367876
1008.26398345,1.46753022453
544.694335886,1.20933767065
534.375,1.05555555556
721.875,1.04761904762
742.1875,1.31578947368
1531.25,1.25
623.4375,1.10526315789
262.5,1.16666666667
534.375,1.05555555556
494.353569471,1.08994287233
1443.75,1.17857142857
1381.25,1.30769230769
826.5625,1
371.580045624,1.7093072347
310.736529382,1.04505775794
295.525650321,1.16645335609
893.75,1.18181818182
235.406461653,1.16779593464
760.543953032,1.41150658216
454.153389096,1.39852410111
260.757926754,1.51813471503
388.601743621,1.05051782982
291.541848662,1.8481640009
669.640842455,1.21450777202
295.525650321,1.72055267703
254.601142372,2.36509408236
253.514651011,1.36024870466
336.812322057,1.25499136442
253.514651011,1.36024870466
216.573944721,1.37292182924
191.584643407,1.21450777202
293.352667598,1.34945308002
359.266476861,1.25368544209
301.320270915,1.49477879633
517.169888062,1.50027430661
291.904012449,1.44806695895
325.947408442,1.21450777202
418.299174168,1.28811430366
370.85571805,1.21450777202
830.803727741,2.03512113149
609.15949,1.64675767918
1050,1.16666666667
283.574245345,1.13074861533
1615.625,2.13636363636
1137.5,1.07692307692
244.822720119,1.21450777202
207.157686254,1.43532736693
1687.5,1.48148148148
1487.5,1.21428571429
271.622840369,1.01208981002
860.9375,1.52631578947
1265.625,1.11111111111
657.327273692,2.02417962003
590.625,1.16666666667
900,1
1487.5,1.21428571429
937.5,1.04166666667
656.25,1.05
975,1.08333333333
534.375,1.05555555556
610.9375,1.35294117647
1312.5,1.07142857143
310.736529382,1.54149063372
1453.00111408,1.39977166945
771.875,1.36842105263
1259.375,1.19230769231
1210.9375,1.24
1329.6875,1.60869565217
1093.75,1.12
726.5625,2.06666666667
1804.6875,1.06060606061
771.875,1.36842105263
893.75,1.18181818182
1210.9375,1.24
1400,1.14285714286
934.375,1.13043478261
1575,1.28571428571
1495.3125,1.13793103448
646.875,1.27777777778
975,2.4375
159.35206635,1.33595854922
224.903711825,1.42572651498
1881.25,1.53571428571
984.375,1.42857142857
1015.625,1.04
1259.375,1.19230769231
492.1875,1.4
637.5,1.41176470588
1700,1.0625
557.8125,1.23529411765
525,1.3125
1453.125,1.03333333333
1450,1.10344827586
181.081893579,1.51813471503
223.092892889,1.54573716439
603.002705618,1.47710404705
519.705034572,1.42270910437
445.3125,1.26666666667
920.3125,1.63157894737
1148.4375,1.66666666667
591.775628216,1.37431142623
603.364869405,1.75032002438
760.543953032,1.44584258574
1701.5625,1
754.6875,1.09523809524
703.125,1.38888888889
1115.625,2.47058823529
1646.875,1.09677419355
1009.375,2.23529411765
514.634741552,1.39122631517
1312.5,1.07142857143
975,1.08333333333
976.5625,1
1171.875,1.2
843.75,1.66666666667
3234.375,1.02222222222
1937.5,1.29032258065
712.5,1.26315789474
1856.25,1.09090909091
1453.125,1.03333333333
825,1.09090909091
1078.125,1.30434782609
1392.1875,1.22222222222
900,1.77777777778
937.5,1.5
1434.375,1.25925925926
670.3125,2.53846153846
787.5,1.14285714286
962.5,1.27272727273
1031.25,1.36363636364
934.375,1.13043478261
1487.5,1.21428571429
1137.5,1.07692307692
893.75,1.18181818182
487.5,2.16666666667
493.991405684,1.16866674006
1093.75,1.12
1546.875,2.04545454545
1585.9375,1.20689655172
859.375,1.13636363636
859.375,1.13636363636
771.875,1.36842105263
575,1.4375
1250,1.28
825,1.09090909091
1096.875,1.03846153846
1015.625,1.04
1356.25,1.10714285714
299.871615767,1.90096868664
475.158888751,1.5560880829
244.822720119,1.21450777202
191.584643407,1.21450777202
1312.5,1.07142857143
1640.625,1.16666666667
801.5625,1.42105263158
1178.125,1.11538461538
1392.1875,1.22222222222
1653.125,2
608.435162426,1.66561065877
583.808024899,1.38115160189
603.364869405,1.18663421
280.676935047,1.02098976109
1096.875,2.16666666667
1250,2
850,1.88235294118
820.3125,2.33333333333
391.136890131,1.01208981002
1312.5,1.90476190476
796.875,1.76470588235
354.920511415,1.51813471503
415.764027657,1.20566187226
625.819024209,1.38945179181
1540.625,1.1724137931
1350,1.18518518519
475,1.1875
291.904012449,1.44806695895
241.563246034,1.53133588646
790.625,1.04545454545
900,1.77777777778
381.358467877,1.18932499052
406.347769191,1.25131103784
1050,1.16666666667
862.5,1.04347826087
573.667438858,1.7665567593
463.569647562,1.51813471503
1268.75,1.03571428571
426.628941272,1.48875146248
584.375,1.29411764706
1443.75,1.90909090909
562.5,1.11111111111
765.625,2.5
273.4375,3.57142857143
1087.5,1.20833333333
1015.625,1.04
521.515853508,1.7079015544
637.5,1.41176470588
623.4375,1.10526315789
488.921112663,1.23506825939
610.9375,1.35294117647
273.795823091,1.17113249445
225.990203187,1.12108409725
1087.5,1.20833333333
1150,1.39130434783
1406.25,1
468.75,1.33333333333
263.655237051,1.12775721688
853.125,1.2380952381
984.375,1.42857142857
391.136890131,1.01208981002
380.271976516,1.41692573402
836.598348335,1.0782341947
1474.36877752,1.42035654694
882.955313091,1.05410108515
616.402765743,1.50992858143
286.833719429,1.66994818653
359.266476861,1.17655440415
406.347769191,1.25131103784
478.056199049,1.47213063275
344.779925374,1.00018287108
322.687934358,1.48439838803
301.320270915,1.49477879633
378.098993793,1.50766482044
294.076995172,1.17262819368
1050,1.16666666667
370.493554263,1.14090124038
1687.5,1.48148148148
635.597446462,1.40135512156
1804.6875,1.06060606061
495.802224619,1.21450777202
1139.0625,1
1350,1.18518518519
1293.75,1.5652173913
646.875,1.27777777778
675,1.6875
546.875,1.78571428571
770.3125,1.70588235294
1068.38317212,1.43311917098
449.083096076,1.56710680261
1300,1.23076923077
325.585244655,1.13615243189
945.247484482,1.56536557283
1550,1.03225806452
1187.5,2.10526315789
322.687934358,1.48439838803
685.213885303,1.18690532266
825,2.0625
336.087994483,1.34014650706
869.193089179,1.23506825939
703.125,2
629.6875,2.38461538462
478.125,1.05882352941
853.125,1.2380952381
547.591646183,1.04100666173
359.266476861,1.17655440415
575,1.4375
1598.4375,1.06451612903
539.0625,1.53333333333
1265.625,1.11111111111
750,1.2
1008.26398345,1.46753022453
1137.5,1.07692307692
1096.875,1.03846153846
862.5,1.04347826087
703.125,2
862.5,1.04347826087
1300,1.23076923077
264.017400838,1.21450777202
660.586747776,1.46664355802
1176.67014448,1.21450777202
550.126792693,1.30146977871
273.071495517,1.35464328418
682.8125,1.21052631579
575,1.4375
1181.25,1.03703703704
239.028099524,1.12278932671
244.822720119,1.21450777202
394.034200428,1.14306613837
590.625,1.16666666667
1237.5,1.375
1289.0625,1.32
885.9375,1.28571428571
771.875,1.36842105263
590.625,1.16666666667
585.9375,1.66666666667
781.25,1.25
675,1.33333333333
1618.75,1.32142857143
522.602344869,1.15222532217
495.802224619,1.21450777202
801.5625,1.42105263158
303.131089851,1.39443484936
816.317176254,1.14015015333
875,1.4
699.700436789,1.33017517888
385.342269536,1.11744271087
1031.25,1.36363636364
289.731029726,1.55456994819
312.909512105,1.43941661869
303.131089851,1.05779709176
812.5,1.3
590.625,1.16666666667
890.625,1.57894736842
190.135988258,1.44584258574
622.921713912,1.12977467165
1200,1.33333333333
282.487753983,1.40135512156
984.375,1.42857142857
315.082494827,1.17402417962
481.67783692,1.31860843819
979.290880475,1.21450777202
347.677235672,1.13860103627
669.278678668,1.39724893991
550.48895648,1.15378238342
718.75,1.15
656.25,1.86666666667
500,1.25
312.909512105,1.02474093264
336.087994483,1.10064766839
370.85571805,1.21450777202
716.359970999,1.13530074341
816.317176254,1.29371480063
336.812322057,1.25499136442
273.071495517,1.08886903698
418.299174168,1.14510732791
609.375,1.73333333333
703.125,1.38888888889
500,1.25
336.087994483,1.10064766839
303.131089851,1.05779709176
391.136890131,1.01208981002
591.051300642,1.1624171853
420.109993103,1.13569495116
1153.85382589,1.11158338456
234.682134078,1.36632124352
278.866116112,1.30992088117
291.541848662,1.25296779938
743.75,1.64705882353
405.623441617,1.17625548513
342.244778864,1.06734294021
357.093494138,1.0359036879
482.402164495,1.24824409902
562.5,1.6
322.687934358,1.00635191505
385.342269536,1.11744271087
509.202284744,1.2473323064
392.947709066,1.07570688379
1900,1.1875
1115.625,1.61904761905
1200,1.33333333333
1082.8125,1.57142857143
1546.875,1.1
1875,1.33333333333
590.625,1.16666666667
371.875,1.21428571429
328.125,1.07142857143
328.125,1.07142857143
223.092892889,1.54573716439
790.625,1.04545454545
351.5625,1
637.5,1.41176470588
1015.625,1.04
515.625,1.46666666667
623.4375,1.10526315789
790.625,1.04545454545
781.25,1.25
1218.75,1.15384615385
898.4375,1.08695652174
1125,1.25
862.5,1.04347826087
506.25,1
375,1.06666666667
325,1.23076923077
223.4375,1.18181818182
306.25,1
225,1
206.25,1.09090909091
656.25,1.05
451.5625,1
1181.25,1.03703703704
771.875,1.36842105263
1006.25,1.21739130435
550,1.375
862.5,1.04347826087
1314.0625,1
584.375,1.29411764706
898.4375,1.08695652174
1093.75,1.75
375,1.06666666667
934.375,1.13043478261
1054.6875,1.08
862.5,1.04347826087
781.25,1.25
742.1875,1.31578947368
1387.5,1.54166666667
843.75,1.35
506.25,1
575,1.4375
1065.625,1.40909090909
367.234080178,1.82176165803
165.146686944,1.04005748159
153.919609542,1.21085123469
182.530548728,1.28081152825
191.222479619,1.11329879102
156.454756052,1.61934369603
623.4375,1.10526315789
206.25,1.09090909091
240.625,1.27272727273
356.25,1.58333333333
284.375,1.07692307692
262.5,1.16666666667
437.5,1.42857142857
292.1875,1.54545454545
337.5,1.5
398.4375,1.13333333333
275,1.45454545455
426.5625,1.61538461538
593.75,1.05263157895
300,1.33333333333
425,1.0625
421.875,1.2
173.838617836,1.01208981002
300,1.33333333333
281.25,1.25
337.5,1.5
262.5,1.16666666667
345.3125,1.30769230769
243.75,1.08333333333
189.0625,1
171.875,1.1
189.0625,1
171.875,1.1
304.6875,1.15384615385
243.75,1.08333333333
375,1.06666666667
371.875,1.21428571429
371.875,1.21428571429
208.244177616,1.3201171435
375,1.06666666667
159.35206635,1.10409797456
171.875,1.1
190.135988258,1.44584258574
304.6875,1.15384615385
187.5,1.875
281.25,1.8
475,1.1875
250,1.6
467.1875,1.76923076923
478.125,1.05882352941
721.875,1.04761904762
306.25,1
350,1.14285714286
393.75,1.28571428571
445.3125,1.26666666667
1015.625,1.04
475,1.1875
468.75,1.33333333333
875,2.1875
345.3125,1.30769230769
600,1.5
375,1.06666666667
481.25,1.57142857143
976.5625,1
206.25,1.09090909091
262.5,1.16666666667
731.25,1.44444444444
174.925109197,1.10889840054
478.125,1.05882352941
962.5,1.27272727273
531.25,1.17647058824
437.5,1.42857142857
975,1.08333333333
1265.625,1.11111111111
731.25,1.44444444444
650,2.46153846154
506.25,1
450,1.125
500,1.25
593.75,1.05263157895
548.4375,2.07692307692
625,1
1087.5,1.20833333333
781.25,1.25
656.25,1.05
1307.8125,1.14814814815
562.5,1.6
610.9375,1.35294117647
984.375,1.42857142857
721.875,1.04761904762
468.75,1.33333333333
421.875,1.2
445.3125,1.26666666667
415.625,1.35714285714
243.37406497,1.25467251747
478.125,1.05882352941
197.741427788,1.01942142045
853.125,1.2380952381
450,1.125
562.5,1.11111111111
787.5,1.55555555556
1268.75,1.03571428571
1139.0625,1
1137.5,1.07692307692
1268.75,1.03571428571
264.0625,1
534.375,1.05555555556
1218.75,1.15384615385
1150,1.39130434783
557.8125,1.23529411765
1137.5,1.07692307692
400,1
475,1.1875
325,1.23076923077
351.5625,1
534.375,1.05555555556
1859.375,1.02941176471
1265.625,1.11111111111
284.375,1.07692307692
190.135988258,1.44584258574
1012.5,1.125
610.9375,1.35294117647
478.125,1.05882352941
478.125,1.05882352941
826.5625,1
1093.75,1.12
843.75,1.35
618.75,1.22222222222
743.75,1.64705882353
334.639339334,1.43138415988
503.125,1.64285714286
898.4375,1.08695652174
593.75,1.05263157895
742.1875,1.31578947368
1012.5,1.125
365.625,1.38461538462
717.1875,1.58823529412
304.6875,1.15384615385
885.9375,1.28571428571
468.75,1.33333333333
468.75,1.33333333333
240.625,1.27272727273
306.25,1
623.4375,1.10526315789
306.25,1
425,1.0625
515.625,1.46666666667
275,1.45454545455
350,1.14285714286
393.75,1.28571428571
365.625,1.38461538462
646.875,1.27777777778
281.25,1.25
304.6875,1.15384615385
306.25,1
306.25,1
345.3125,1.30769230769
284.375,1.07692307692
475,1.1875
375,1.06666666667
398.4375,1.13333333333
281.25,1.25
375,1.06666666667
425,1.0625
306.25,1
325,1.23076923077
196.875,1.55555555556
425,1.0625
593.75,1.05263157895
593.75,1.05263157895
539.0625,1.53333333333
890.625,1.57894736842
515.625,1.46666666667
562.5,1.11111111111
515.625,1.46666666667
754.6875,1.09523809524
393.75,1.28571428571
468.75,1.33333333333
618.75,1.22222222222
371.875,1.21428571429
478.125,1.05882352941
610.9375,1.35294117647
500,1.25
350,1.14285714286
575,1.4375
406.25,1.53846153846
623.4375,1.10526315789
393.75,1.28571428571
478.125,1.05882352941
812.5,1.3
350,1.14285714286
689.0625,1
1584.375,1.5
975,1.08333333333
421.875,1.2
451.5625,1
1100,1.45454545455
304.6875,1.15384615385
371.875,1.21428571429
459.375,1.5
525,1.3125
225,1
1050,1.52380952381
328.125,1.07142857143
365.625,1.38461538462
365.625,1.38461538462
304.6875,1.15384615385
425,1.0625
531.25,1.17647058824
262.5,1.16666666667
257.8125,1.36363636364
300,1.33333333333
478.125,1.05882352941
225,1
393.75,1.28571428571
398.4375,1.13333333333
281.25,1.25
350,1.14285714286
264.0625,1
345.3125,1.30769230769
328.125,1.07142857143
325,1.23076923077
437.5,1.42857142857
225,1
534.375,1.05555555556
371.875,1.21428571429
243.75,1.08333333333
328.125,1.07142857143
210.9375,1.66666666667
304.6875,1.15384615385
351.5625,1
356.25,1.58333333333
446.875,1.69230769231
825,1.09090909091
492.1875,1.4
525,1.3125
468.75,1.33333333333
233.23347893,1.0023742395
253.514651011,1.0843819393
351.5625,1
445.3125,1.26666666667
203.125,1.3
284.375,1.07692307692
264.0625,1
234.375,1.5
398.4375,1.13333333333
350,1.14285714286
265.625,1.7
478.125,1.05882352941
504.6875,1.11764705882
304.6875,1.15384615385
262.5,1.16666666667
262.5,2.625
445.3125,1.26666666667
421.875,1.2
375,1.06666666667
398.4375,1.13333333333
365.625,1.38461538462
223.4375,1.18181818182
284.375,1.07692307692
300,1.33333333333
156.25,1
257.8125,1.36363636364
223.4375,1.18181818182
203.125,1.3
328.125,1.07142857143
284.375,1.07692307692
206.25,1.09090909091
100,1
250,1.6
304.6875,1.15384615385
328.125,1.07142857143
284.375,1.07692307692
140.625,1.11111111111
539.0625,1.53333333333
345.3125,1.30769230769
398.4375,1.13333333333
375,1.06666666667
478.125,1.05882352941
345.3125,1.30769230769
600,1.5
257.8125,1.36363636364
257.8125,1.36363636364
306.25,1
450,1.125
421.875,1.2
562.5,1.11111111111
304.6875,1.15384615385
206.25,1.09090909091
281.25,1.25
500,1.25
350,1.14285714286
365.625,1.38461538462
759.375,1.5
398.4375,1.13333333333
437.5,1.42857142857
140.625,1.11111111111
225,1
171.875,1.1
225,1
446.875,1.69230769231
539.0625,1.53333333333
281.25,1.25
459.375,1.5
653.125,1.15789473684
562.5,1.6
525,1.3125
445.3125,1.26666666667
593.75,1.05263157895
900,1
625,1.5625
406.25,1.53846153846
421.875,1.2
590.625,1.16666666667
539.0625,1.53333333333
371.875,1.21428571429
421.875,1.2
478.125,1.05882352941
450,1.125
371.875,1.21428571429
398.4375,1.13333333333
400,1
504.6875,1.11764705882
304.6875,1.15384615385
451.5625,1
365.625,1.38461538462
304.6875,1.15384615385
656.25,1.05
281.25,1.25
218.75,1.4
284.375,1.07692307692
275,1.45454545455
262.5,1.16666666667
284.375,1.07692307692
243.75,1.08333333333
196.875,1.55555555556
187.5,1.2
243.75,1.08333333333
203.125,1.3
243.75,1.08333333333
183.254876302,1.16170308628
183.254876302,1.26971267075
144.865514863,1.21450777202
475,1.1875
262.5,1.16666666667
281.25,1.25
328.125,1.07142857143
375,1.06666666667
257.8125,1.36363636364
718.75,1.15
351.5625,1
191.222479619,1.11329879102
445.3125,1.26666666667
590.625,1.16666666667
375,1.06666666667
371.875,1.21428571429
398.4375,1.13333333333
623.4375,1.10526315789
506.25,1
450,1.125
240.625,1.27272727273
375,1.06666666667
304.6875,1.15384615385
400,1
425,1.0625
393.75,1.28571428571
468.75,1.33333333333
325,1.23076923077
375,1.06666666667
284.375,1.07692307692
206.25,1.09090909091
393.75,1.28571428571
812.5,1.3
637.5,1.41176470588
859.375,1.13636363636
531.25,1.17647058824
500,1.25
253.125,2
281.25,1.25
371.875,1.21428571429
703.125,1.38888888889
375,1.06666666667
451.5625,1
284.375,1.07692307692
504.6875,1.11764705882
426.5625,1.61538461538
371.875,1.21428571429
450,1.125
309.375,1.63636363636
787.5,1.55555555556
284.375,1.07692307692
398.4375,1.13333333333
304.6875,1.15384615385
475,1.1875
564.0625,1
504.6875,1.11764705882
550,1.375
557.8125,1.23529411765
304.6875,1.15384615385
1042.1875,1.26086956522
234.375,1.5
437.5,1.42857142857
1706.25,1.39285714286
562.5,1.11111111111
350,1.14285714286
1350,1.18518518519
754.6875,1.09523809524
306.25,1
718.75,1.15
2790.625,1.23684210526
759.375,1.5
325,1.23076923077
351.5625,1
284.375,1.07692307692
318.75,1.41666666667
504.6875,1.11764705882
920.3125,1.63157894737
759.375,1.5
557.8125,1.23529411765
240.625,1.27272727273
590.625,1.16666666667
225,1.77777777778
375,1.66666666667
375,1.06666666667
365.625,1.38461538462
350,1.14285714286
304.6875,1.15384615385
234.682134078,1.07956246402
183.254876302,1.26971267075
108.649136147,1.61934369603
185.790022812,1.17006466679
130.378963377,1.34945308002
143.416859715,1.48439838803
152.108790606,1.27523316062
103.21667934,1.53837651123
208.244177616,1.11734715026
167.319669667,1.15930287329
281.25,1.25
250,1.6
371.875,1.21428571429
257.8125,1.36363636364
189.0625,1
264.0625,1
515.625,1.46666666667
459.375,1.5
578.013404304,1.34235069539
235.406461653,1.2630880829
301.320270915,1.49477879633
410.693734637,1.88923431203
618.75,1.22222222222
790.625,1.04545454545
223.4375,1.18181818182
243.75,1.08333333333
281.25,1.25
196.875,1.55555555556
421.875,1.2
325,1.23076923077
375,1.06666666667
206.25,1.09090909091
239.0625,1.88888888889
218.75,1.4
328.125,1.07142857143
189.0625,1
196.875,1.55555555556
189.0625,1
584.375,1.29411764706
223.4375,1.18181818182
223.4375,1.18181818182
262.5,1.16666666667
262.5,1.16666666667
304.6875,1.15384615385
265.625,1.7
548.4375,2.07692307692
371.875,1.21428571429
481.25,1.57142857143
475,1.1875
284.375,1.07692307692
203.125,1.3
223.4375,1.18181818182
504.6875,1.11764705882
337.5,1.5
415.625,1.35714285714
325,1.23076923077
593.75,1.05263157895
545.056499673,1.49210954848
525,1.3125
962.5,1.27272727273
1139.0625,1
1753.125,1.0303030303
426.628941272,1.48875146248
825,1.09090909091
500,1.25
450,1.125
1042.1875,1.26086956522
393.75,1.28571428571
646.875,1.27777777778
721.875,1.04761904762
682.8125,1.21052631579
618.75,1.22222222222
1031.25,1.65
240.625,1.27272727273
500,1.25
371.875,1.21428571429
257.8125,1.36363636364
210.9375,1.66666666667
425,1.0625
721.875,1.04761904762
525,1.3125
478.125,1.05882352941
264.0625,1
243.37406497,1.25467251747
199.914410511,1.16390328152
250.979504501,1.29388103364
234.682134078,1.07956246402
144.503351076,1.09884036516
257.8125,1.36363636364
593.75,1.05263157895
306.25,1
1259.375,1.19230769231
446.875,1.69230769231
351.5625,1
825,1.09090909091
437.5,1.42857142857
445.3125,1.26666666667
400,1
385.9375,1.46153846154
328.125,1.07142857143
718.75,1.15
534.375,1.05555555556
304.579745,1.21450777202
531.25,1.17647058824
506.25,1
534.375,1.05555555556
562.5,1.6
759.375,1.5
534.375,1.05555555556
445.3125,1.26666666667
345.3125,1.30769230769
240.625,1.27272727273
365.625,1.38461538462
525,1.3125
400,1
623.4375,1.10526315789
375,1.06666666667
275,1.45454545455
328.125,1.07142857143
328.125,1.07142857143
504.6875,1.11764705882
306.25,1
206.25,1.09090909091
546.875,1.78571428571
345.3125,1.30769230769
442.20198412,1.0832096345
257.8125,1.36363636364
492.1875,1.4
281.25,1.25
500,1.25
350,1.14285714286
398.4375,1.13333333333
425,1.0625
534.375,1.05555555556
351.5625,1
478.125,1.05882352941
375,1.06666666667
759.375,1.5
325,1.23076923077
593.75,1.05263157895
589.602645493,1.02129062647
425,1.0625
350,1.14285714286
546.142991034,1.47640343651
400.915312384,1.25031601567
687.5,1.1
206.25,1.09090909091
325,1.23076923077
264.0625,1
593.75,1.05263157895
371.875,1.21428571429
306.25,1
400,1
351.5625,1
425,1.0625
421.875,1.2
304.6875,1.15384615385
264.0625,1
771.875,1.36842105263
557.8125,1.23529411765
426.5625,1.61538461538
590.625,1.16666666667
1237.5,1.375
421.875,1.2
771.875,1.36842105263
675,1.33333333333
584.375,1.29411764706
862.5,1.04347826087
1225,1
875,1.4
790.625,1.04545454545
687.5,1.1
690.625,1.52941176471
646.875,1.27777777778
609.375,1.73333333333
475,1.1875
475,1.1875
455.602044245,1.32167022249
1078.125,1.30434782609
862.5,1.04347826087
721.875,1.04761904762
637.5,1.41176470588
345.3125,1.30769230769
375,1.66666666667
937.5,1.5
1096.875,1.03846153846
787.5,1.14285714286
350,1.14285714286
350,1.14285714286
475,1.1875
689.0625,1
800,2
979.6875,1.73684210526
610.9375,1.35294117647
675,1.6875
478.125,1.05882352941
375,1.06666666667
726.5625,2.06666666667
675,1.33333333333
